Team,Player1,Player2
BKN,James Harden,Kevin Durant
MIL,Bobby Portis,Giannis Antetokounmpo
MIL,Giannis Antetokounmpo,Khris Middleton
MIL,Giannis Antetokounmpo,Jrue Holiday
MIN,Anthony Edwards,Karl-Anthony Towns
CHI,DeMar DeRozan,Zach LaVine
MIN,D'Angelo Russell,Karl-Anthony Towns
CHA,LaMelo Ball,Miles Bridges
NO,Brandon Ingram,Jonas Valanciunas
BOS,Al Horford,Jayson Tatum
ATL,Clint Capela,Trae Young
UTA,Donovan Mitchell,Rudy Gobert
ATL,John Collins,Trae Young
PHX,Chris Paul,Devin Booker
BOS,Jaylen Brown,Jayson Tatum
IND,Domantas Sabonis,Malcolm Brogdon
MIL,Giannis Antetokounmpo,Grayson Allen
PHI,Andre Drummond,Tobias Harris
PHX,Chris Paul,Deandre Ayton
PHX,Deandre Ayton,Devin Booker
PHI,Tobias Harris,Tyrese Maxey
MIN,Anthony Edwards,D'Angelo Russell
BOS,Jayson Tatum,Robert Williams
BKN,James Harden,LaMarcus Aldridge
MIL,Giannis Antetokounmpo,Pat Connaughton
CHA,Gordon Hayward,LaMelo Ball
CHI,DeMar DeRozan,Lonzo Ball
CHI,Lonzo Ball,Zach LaVine
WAS,Bradley Beal,Spencer Dinwiddie
BKN,James Harden,Patrick Mills
BOS,Dennis Schroder,Jayson Tatum
BOS,Jayson Tatum,Marcus Smart
WAS,Bradley Beal,Kyle Kuzma
BKN,Kevin Durant,LaMarcus Aldridge
WAS,Bradley Beal,Montrezl Harrell
NO,Jonas Valanciunas,Josh Hart
MEM,Ja Morant,Jaren Jackson
CHA,LaMelo Ball,Terry Rozier
IND,Domantas Sabonis,Myles Turner
BKN,Kevin Durant,Patrick Mills
MIN,Karl-Anthony Towns,Patrick Beverley
ATL,Clint Capela,John Collins
SA,Dejounte Murray,Keldon Johnson
CLE,Darius Garland,Ricky Rubio
BKN,DeAndre Bembry,James Harden
MIL,George Hill,Giannis Antetokounmpo
IND,Caris LeVert,Domantas Sabonis
BKN,Blake Griffin,James Harden
CLE,Darius Garland,Jarrett Allen
NO,Jonas Valanciunas,Nickeil Alexander-Walker
MEM,Desmond Bane,Ja Morant
NO,Devonte Graham,Jonas Valanciunas
PHI,Andre Drummond,Tyrese Maxey
NO,Brandon Ingram,Josh Hart
SA,Dejounte Murray,Derrick White
UTA,Donovan Mitchell,Mike Conley
MEM,Ja Morant,Kyle Anderson
CHA,LaMelo Ball,Mason Plumlee
PHI,Seth Curry,Tobias Harris
SAC,De'Aaron Fox,Harrison Barnes
UTA,Mike Conley,Rudy Gobert
ATL,Kevin Huerter,Trae Young
BOS,Al Horford,Jaylen Brown
BKN,DeAndre Bembry,Kevin Durant
CHI,Alex Caruso,DeMar DeRozan
OKC,Josh Giddey,Shai Gilgeous-Alexander
MIL,Bobby Portis,Khris Middleton
IND,Malcolm Brogdon,Myles Turner
CHA,Gordon Hayward,Miles Bridges
PHI,Georges Niang,Tobias Harris
CLE,Jarrett Allen,Ricky Rubio
BKN,Blake Griffin,Kevin Durant
CHI,Alex Caruso,Zach LaVine
SAC,De'Aaron Fox,Richaun Holmes
MEM,Ja Morant,Steven Adams
SA,Dejounte Murray,Jakob Poeltl
MIL,Bobby Portis,Jrue Holiday
SAC,De'Aaron Fox,Tyrese Haliburton
CHA,Kelly Oubre,LaMelo Ball
MIN,Jarred Vanderbilt,Karl-Anthony Towns
BOS,Al Horford,Robert Williams
IND,Caris LeVert,Malcolm Brogdon
NO,Brandon Ingram,Nickeil Alexander-Walker
MIL,Jrue Holiday,Khris Middleton
HOU,Christian Wood,Kevin Porter
UTA,Bojan Bogdanovic,Donovan Mitchell
UTA,Bojan Bogdanovic,Rudy Gobert
ATL,Danilo Gallinari,Trae Young
NO,Brandon Ingram,Devonte Graham
CHA,Miles Bridges,Terry Rozier
ATL,Cam Reddish,Trae Young
PHI,Furkan Korkmaz,Tobias Harris
MIN,Karl-Anthony Towns,Malik Beasley
UTA,Donovan Mitchell,Jordan Clarkson
WAS,Bradley Beal,Daniel Gafford
ATL,Bogdan Bogdanovic,Trae Young
UTA,Jordan Clarkson,Rudy Gobert
SA,Dejounte Murray,Devin Vassell
MIL,Giannis Antetokounmpo,Thanasis Antetokounmpo
PHX,Chris Paul,Mikal Bridges
MIN,Anthony Edwards,Patrick Beverley
PHX,Devin Booker,Mikal Bridges
BKN,James Harden,Jevon Carter
BOS,Al Horford,Dennis Schroder
BKN,James Harden,James Johnson
CHA,Cody Martin,LaMelo Ball
SAC,Harrison Barnes,Richaun Holmes
BOS,Jaylen Brown,Robert Williams
BOS,Al Horford,Marcus Smart
SAC,Buddy Hield,De'Aaron Fox
MIN,D'Angelo Russell,Patrick Beverley
WAS,Kyle Kuzma,Spencer Dinwiddie
OKC,Luguentz Dort,Shai Gilgeous-Alexander
PHI,Shake Milton,Tobias Harris
MIL,Giannis Antetokounmpo,Rodney Hood
WAS,Montrezl Harrell,Spencer Dinwiddie
CHI,DeMar DeRozan,Tony Bradley
WAS,Bradley Beal,Kentavious Caldwell-Pope
SAC,Harrison Barnes,Tyrese Haliburton
ORL,Mo Bamba,Wendell Carter
CLE,Darius Garland,Lauri Markkanen
CHI,Tony Bradley,Zach LaVine
WAS,Kyle Kuzma,Montrezl Harrell
MEM,Brandon Clarke,Ja Morant
HOU,Christian Wood,Jae'Sean Tate
CHA,Mason Plumlee,Miles Bridges
PHX,Deandre Ayton,Mikal Bridges
BKN,Jevon Carter,Kevin Durant
SA,Dejounte Murray,Lonnie Walker
UTA,Donovan Mitchell,Royce O'Neale
SAC,Richaun Holmes,Tyrese Haliburton
PHX,Chris Paul,Jae Crowder
ORL,Jalen Suggs,Mo Bamba
BKN,James Johnson,Kevin Durant
MIN,Jaden McDaniels,Karl-Anthony Towns
PHI,Andre Drummond,Seth Curry
PHX,Devin Booker,Jae Crowder
UTA,Royce O'Neale,Rudy Gobert
SA,Dejounte Murray,Doug McDermott
PHI,Seth Curry,Tyrese Maxey
BOS,Dennis Schroder,Jaylen Brown
HOU,Christian Wood,Jalen Green
BKN,James Harden,Paul Millsap
CLE,Darius Garland,Kevin Love
BOS,Jaylen Brown,Marcus Smart
ATL,Clint Capela,Kevin Huerter
IND,Domantas Sabonis,T.J. McConnell
PHI,Andre Drummond,Georges Niang
PHI,Georges Niang,Tyrese Maxey
SAC,Chimezie Metu,De'Aaron Fox
IND,Caris LeVert,Myles Turner
CLE,Darius Garland,Isaac Okoro
CLE,Lauri Markkanen,Ricky Rubio
SA,Dejounte Murray,Drew Eubanks
IND,Chris Duarte,Domantas Sabonis
UTA,Donovan Mitchell,Joe Ingles
OKC,Darius Bazley,Shai Gilgeous-Alexander
MIN,Karl-Anthony Towns,Naz Reid
BOS,Jayson Tatum,Josh Richardson
UTA,Donovan Mitchell,Hassan Whiteside
UTA,Joe Ingles,Rudy Gobert
CHA,Kelly Oubre,Miles Bridges
ORL,Jalen Suggs,Wendell Carter
CHA,Jalen McDaniels,LaMelo Ball
UTA,Hassan Whiteside,Rudy Gobert
CLE,Jarrett Allen,Lauri Markkanen
SAC,Buddy Hield,Harrison Barnes
UTA,Donovan Mitchell,Rudy Gay
MEM,Ja Morant,Tyus Jones
ATL,John Collins,Kevin Huerter
PHX,Deandre Ayton,Jae Crowder
PHX,Cameron Payne,Chris Paul
HOU,Christian Wood,Eric Gordon
MIN,Anthony Edwards,Jarred Vanderbilt
BOS,Grant Williams,Jayson Tatum
PHX,Cameron Payne,Devin Booker
UTA,Rudy Gay,Rudy Gobert
SA,Dejounte Murray,Thaddeus Young
CHI,DeMar DeRozan,Derrick Jones
CLE,Kevin Love,Ricky Rubio
BOS,Dennis Schroder,Robert Williams
WAS,Bradley Beal,Deni Avdija
BKN,Kevin Durant,Paul Millsap
BOS,Marcus Smart,Robert Williams
CHI,Alex Caruso,Lonzo Ball
PHX,Chris Paul,JaVale McGee
CHI,Derrick Jones,Zach LaVine
SAC,Buddy Hield,Richaun Holmes
PHX,Devin Booker,JaVale McGee
MIL,Bobby Portis,Grayson Allen
CLE,Isaac Okoro,Ricky Rubio
IND,Domantas Sabonis,Justin Holiday
CHI,Coby White,DeMar DeRozan
CLE,Jarrett Allen,Kevin Love
CHA,Gordon Hayward,Terry Rozier
OKC,Josh Giddey,Luguentz Dort
MIN,D'Angelo Russell,Jarred Vanderbilt
PHI,Andre Drummond,Furkan Korkmaz
ATL,Clint Capela,Danilo Gallinari
MIN,Anthony Edwards,Malik Beasley
PHI,Matisse Thybulle,Tobias Harris
NO,Herb Jones,Jonas Valanciunas
CHI,Coby White,Zach LaVine
PHI,Furkan Korkmaz,Tyrese Maxey
MIL,Grayson Allen,Khris Middleton
CLE,Isaac Okoro,Jarrett Allen
CHI,DeMar DeRozan,Javonte Green
ATL,Cam Reddish,Clint Capela
CHI,Ayo Dosunmu,DeMar DeRozan
PHX,Cameron Johnson,Chris Paul
SAC,Buddy Hield,Tyrese Haliburton
PHX,Cameron Johnson,Devin Booker
ATL,Bogdan Bogdanovic,Clint Capela
NO,Josh Hart,Nickeil Alexander-Walker
BKN,Cameron Thomas,James Harden
MIN,Karl-Anthony Towns,Taurean Prince
NO,Jaxson Hayes,Jonas Valanciunas
CHI,Javonte Green,Zach LaVine
ATL,Delon Wright,Trae Young
CHI,Ayo Dosunmu,Zach LaVine
ORL,Franz Wagner,Mo Bamba
MEM,Ja Morant,John Konchar
WAS,Bradley Beal,Raul Neto
PHX,Cameron Payne,Deandre Ayton
CHA,Cody Martin,Miles Bridges
MIN,D'Angelo Russell,Malik Beasley
IND,Malcolm Brogdon,T.J. McConnell
ATL,Lou Williams,Trae Young
NO,Devonte Graham,Josh Hart
MEM,Ja Morant,Xavier Tillman
ATL,Danilo Gallinari,John Collins
MIL,Grayson Allen,Jrue Holiday
IND,Chris Duarte,Malcolm Brogdon
SAC,Chimezie Metu,Harrison Barnes
NO,Jonas Valanciunas,Tomas Satoransky
PHX,Deandre Ayton,JaVale McGee
BOS,Dennis Schroder,Marcus Smart
ATL,Cam Reddish,John Collins
ORL,Mo Bamba,R.J. Hampton
MEM,Ja Morant,Ziaire Williams
MIL,Bobby Portis,Pat Connaughton
ATL,Bogdan Bogdanovic,John Collins
PHI,Andre Drummond,Shake Milton
OKC,Jeremiah Robinson-Earl,Shai Gilgeous-Alexander
HOU,Christian Wood,Daniel Theis
PHI,Shake Milton,Tyrese Maxey
HOU,Jae'Sean Tate,Kevin Porter
SAC,Chimezie Metu,Richaun Holmes
PHX,Chris Paul,Landry Shamet
OKC,Darius Bazley,Josh Giddey
PHX,Devin Booker,Landry Shamet
MIL,Khris Middleton,Pat Connaughton
PHX,Cameron Johnson,Deandre Ayton
BKN,Cameron Thomas,Kevin Durant
MEM,Desmond Bane,Jaren Jackson
WAS,Daniel Gafford,Spencer Dinwiddie
ORL,Franz Wagner,Wendell Carter
SAC,Davion Mitchell,De'Aaron Fox
CHA,Gordon Hayward,Mason Plumlee
IND,Domantas Sabonis,Kelan Martin
BOS,Jayson Tatum,Romeo Langford
MEM,Jaren Jackson,Kyle Anderson
HOU,Alperen Sengun,Christian Wood
HOU,Jalen Green,Kevin Porter
IND,Justin Holiday,Malcolm Brogdon
SAC,Chimezie Metu,Tyrese Haliburton
SA,Derrick White,Keldon Johnson
CLE,Darius Garland,Dean Wade
WAS,Daniel Gafford,Kyle Kuzma
UTA,Bojan Bogdanovic,Mike Conley
MIN,Anthony Edwards,Jaden McDaniels
NO,Brandon Ingram,Herb Jones
ORL,Franz Wagner,Jalen Suggs
ORL,Chuma Okeke,Mo Bamba
ORL,R.J. Hampton,Wendell Carter
WAS,Daniel Gafford,Montrezl Harrell
NO,Devonte Graham,Nickeil Alexander-Walker
MIL,Jrue Holiday,Pat Connaughton
PHI,Charles Bassey,Tobias Harris
IND,Domantas Sabonis,Torrey Craig
OKC,Derrick Favors,Shai Gilgeous-Alexander
NO,Brandon Ingram,Jaxson Hayes
MEM,Jaren Jackson,Steven Adams
OKC,Shai Gilgeous-Alexander,Ty Jerome
UTA,Jordan Clarkson,Mike Conley
ORL,Jalen Suggs,R.J. Hampton
CHI,Lonzo Ball,Tony Bradley
MIN,D'Angelo Russell,Jaden McDaniels
PHX,Deandre Ayton,Landry Shamet
SA,Jakob Poeltl,Keldon Johnson
MIN,Anthony Edwards,Naz Reid
CHA,Jalen McDaniels,Miles Bridges
PHI,Georges Niang,Seth Curry
ORL,Mo Bamba,Terrence Ross
NO,Brandon Ingram,Tomas Satoransky
NO,Garrett Temple,Jonas Valanciunas
WAS,Kentavious Caldwell-Pope,Spencer Dinwiddie
HOU,Eric Gordon,Kevin Porter
WAS,Aaron Holiday,Bradley Beal
CHA,Gordon Hayward,Kelly Oubre
CLE,Dean Wade,Ricky Rubio
SA,Bryn Forbes,Dejounte Murray
CHA,Mason Plumlee,Terry Rozier
ORL,Chuma Okeke,Wendell Carter
WAS,Kentavious Caldwell-Pope,Kyle Kuzma
MIN,D'Angelo Russell,Naz Reid
CLE,Dean Wade,Jarrett Allen
WAS,Kentavious Caldwell-Pope,Montrezl Harrell
MEM,Desmond Bane,Kyle Anderson
ORL,Chuma Okeke,Jalen Suggs
ATL,Gorgui Dieng,Trae Young
SAC,Buddy Hield,Chimezie Metu
MIL,Bobby Portis,George Hill
HOU,Christian Wood,Kenyon Martin Jr.
IND,Myles Turner,T.J. McConnell
SA,Derrick White,Jakob Poeltl
IND,Kelan Martin,Malcolm Brogdon
OKC,Jeremiah Robinson-Earl,Josh Giddey
SAC,Davion Mitchell,Harrison Barnes
CLE,Kevin Love,Lauri Markkanen
OKC,Kenrich Williams,Shai Gilgeous-Alexander
ORL,Terrence Ross,Wendell Carter
PHI,Andre Drummond,Matisse Thybulle
MIL,George Hill,Khris Middleton
UTA,Bojan Bogdanovic,Jordan Clarkson
IND,Chris Duarte,Myles Turner
HOU,Jae'Sean Tate,Jalen Green
PHI,Matisse Thybulle,Tyrese Maxey
NO,Jonas Valanciunas,Trey Murphy
MEM,Ja Morant,Santi Aldama
ORL,Mo Bamba,Mychal Mulder
CLE,Darius Garland,Dylan Windler
MEM,Desmond Bane,Steven Adams
OKC,Darius Bazley,Luguentz Dort
SA,Devin Vassell,Keldon Johnson
WAS,Bradley Beal,Davis Bertans
PHI,Furkan Korkmaz,Seth Curry
CLE,Isaac Okoro,Lauri Markkanen
BOS,Al Horford,Josh Richardson
SAC,Davion Mitchell,Richaun Holmes
UTA,Mike Conley,Royce O'Neale
ORL,Jalen Suggs,Terrence Ross
CHA,Kelly Oubre,Terry Rozier
MEM,Kyle Anderson,Steven Adams
MIN,Anthony Edwards,Taurean Prince
IND,Malcolm Brogdon,Torrey Craig
CHA,Cody Martin,Gordon Hayward
CHI,Derrick Jones,Lonzo Ball
SA,Dejounte Murray,Tre Jones
OKC,Aleksej Pokusevski,Shai Gilgeous-Alexander
ATL,Clint Capela,Delon Wright
PHI,Furkan Korkmaz,Georges Niang
BOS,Al Horford,Grant Williams
BKN,LaMarcus Aldridge,Patrick Mills
MIL,George Hill,Jrue Holiday
ATL,Clint Capela,Lou Williams
IND,Caris LeVert,T.J. McConnell
NO,Brandon Ingram,Garrett Temple
HOU,Daniel Theis,Kevin Porter
SAC,Davion Mitchell,Tyrese Haliburton
OKC,Mike Muscala,Shai Gilgeous-Alexander
WAS,Deni Avdija,Spencer Dinwiddie
MIN,D'Angelo Russell,Taurean Prince
OKC,Derrick Favors,Josh Giddey
CLE,Isaac Okoro,Kevin Love
CHI,Coby White,Lonzo Ball
IND,Caris LeVert,Chris Duarte
ORL,Franz Wagner,R.J. Hampton
HOU,Eric Gordon,Jae'Sean Tate
IND,Domantas Sabonis,Goga Bitadze
IND,Justin Holiday,Myles Turner
OKC,Josh Giddey,Ty Jerome
UTA,Joe Ingles,Mike Conley
ORL,Mychal Mulder,Wendell Carter
CLE,Dylan Windler,Ricky Rubio
WAS,Deni Avdija,Kyle Kuzma
SA,Derrick White,Devin Vassell
UTA,Hassan Whiteside,Mike Conley
CHI,Javonte Green,Lonzo Ball
CHI,Ayo Dosunmu,Lonzo Ball
MEM,Brandon Clarke,Jaren Jackson
HOU,Alperen Sengun,Kevin Porter
WAS,Deni Avdija,Montrezl Harrell
PHI,Seth Curry,Shake Milton
ATL,Delon Wright,John Collins
ATL,John Collins,Lou Williams
HOU,Eric Gordon,Jalen Green
UTA,Mike Conley,Rudy Gay
CLE,Dylan Windler,Jarrett Allen
ORL,Jalen Suggs,Mychal Mulder
BOS,Jaylen Brown,Josh Richardson
SA,Keldon Johnson,Lonnie Walker
UTA,Bojan Bogdanovic,Royce O'Neale
PHI,Georges Niang,Shake Milton
PHX,Jae Crowder,Mikal Bridges
CHA,Cody Martin,Terry Rozier
CLE,Darius Garland,Denzel Valentine
WAS,Raul Neto,Spencer Dinwiddie
ORL,Chuma Okeke,Franz Wagner
SA,Doug McDermott,Keldon Johnson
NO,Brandon Ingram,Trey Murphy
IND,Caris LeVert,Justin Holiday
SA,Devin Vassell,Jakob Poeltl
CHI,Alex Caruso,Tony Bradley
PHI,Andre Drummond,Charles Bassey
BOS,Grant Williams,Jaylen Brown
CHA,Kelly Oubre,Mason Plumlee
PHI,Charles Bassey,Tyrese Maxey
WAS,Kyle Kuzma,Raul Neto
MIN,Jarred Vanderbilt,Patrick Beverley
UTA,Jordan Clarkson,Royce O'Neale
OKC,Josh Giddey,Kenrich Williams
ATL,Danilo Gallinari,Kevin Huerter
WAS,Montrezl Harrell,Raul Neto
ORL,Chuma Okeke,R.J. Hampton
SA,Drew Eubanks,Keldon Johnson
BKN,DeAndre Bembry,LaMarcus Aldridge
OKC,Jeremiah Robinson-Earl,Luguentz Dort
SAC,Buddy Hield,Davion Mitchell
OKC,Aaron Wiggins,Shai Gilgeous-Alexander
UTA,Bojan Bogdanovic,Joe Ingles
CHA,Gordon Hayward,Jalen McDaniels
MIL,Grayson Allen,Pat Connaughton
ATL,Cam Reddish,Kevin Huerter
MIL,Bobby Portis,Thanasis Antetokounmpo
SA,Derrick White,Lonnie Walker
BKN,Blake Griffin,LaMarcus Aldridge
NO,Herb Jones,Josh Hart
ORL,Franz Wagner,Terrence Ross
BOS,Josh Richardson,Robert Williams
UTA,Bojan Bogdanovic,Hassan Whiteside
ATL,Bogdan Bogdanovic,Kevin Huerter
MEM,Jaren Jackson,Tyus Jones
SAC,De'Aaron Fox,Tristan Thompson
IND,Kelan Martin,Myles Turner
HOU,Christian Wood,D.J. Augustin
HOU,Daniel Theis,Jae'Sean Tate
MIN,Malik Beasley,Patrick Beverley
CLE,Denzel Valentine,Ricky Rubio
BOS,Al Horford,Romeo Langford
SA,Derrick White,Doug McDermott
UTA,Bojan Bogdanovic,Rudy Gay
MIL,Khris Middleton,Thanasis Antetokounmpo
MEM,Brandon Clarke,Desmond Bane
PHX,Cameron Payne,Mikal Bridges
IND,Goga Bitadze,Malcolm Brogdon
OKC,Aleksej Pokusevski,Josh Giddey
UTA,Joe Ingles,Jordan Clarkson
BKN,DeAndre Bembry,Patrick Mills
NO,Jaxson Hayes,Josh Hart
SA,Keldon Johnson,Thaddeus Young
HOU,Kenyon Martin Jr.,Kevin Porter
BOS,Grant Williams,Robert Williams
PHI,Furkan Korkmaz,Shake Milton
MEM,Brandon Clarke,Kyle Anderson
ORL,R.J. Hampton,Terrence Ross
UTA,Hassan Whiteside,Jordan Clarkson
SAC,Alex Len,De'Aaron Fox
CLE,Denzel Valentine,Jarrett Allen
BKN,Blake Griffin,Patrick Mills
OKC,Josh Giddey,Mike Muscala
SAC,De'Aaron Fox,Marvin Bagley
CLE,Dean Wade,Lauri Markkanen
PHX,JaVale McGee,Mikal Bridges
HOU,Daniel Theis,Jalen Green
SA,Jakob Poeltl,Lonnie Walker
HOU,Alperen Sengun,Jae'Sean Tate
SA,Derrick White,Drew Eubanks
UTA,Jordan Clarkson,Rudy Gay
HOU,Christian Wood,Danuel House
NO,Josh Hart,Tomas Satoransky
IND,Myles Turner,Torrey Craig
WAS,Daniel Gafford,Kentavious Caldwell-Pope
MIL,Bobby Portis,Rodney Hood
OKC,Derrick Favors,Luguentz Dort
CHA,Cody Martin,Mason Plumlee
SAC,De'Aaron Fox,Maurice Harkless
ATL,Clint Capela,Gorgui Dieng
MIL,Jrue Holiday,Thanasis Antetokounmpo
OKC,Luguentz Dort,Ty Jerome
SA,Doug McDermott,Jakob Poeltl
IND,Caris LeVert,Kelan Martin
MIL,Khris Middleton,Rodney Hood
MEM,Brandon Clarke,Steven Adams
PHX,Cameron Johnson,Mikal Bridges
OKC,Darius Bazley,Jeremiah Robinson-Earl
CHA,Jalen McDaniels,Terry Rozier
CHI,Alex Caruso,Derrick Jones
ORL,Franz Wagner,Mychal Mulder
HOU,Alperen Sengun,Jalen Green
MEM,Jaren Jackson,John Konchar
HOU,Christian Wood,Garrison Mathews
CLE,Dean Wade,Kevin Love
PHI,Matisse Thybulle,Seth Curry
BOS,Dennis Schroder,Josh Richardson
SAC,Chimezie Metu,Davion Mitchell
ATL,Cam Reddish,Danilo Gallinari
SA,Derrick White,Thaddeus Young
NO,Herb Jones,Nickeil Alexander-Walker
ORL,Chuma Okeke,Terrence Ross
BOS,Josh Richardson,Marcus Smart
WAS,Aaron Holiday,Spencer Dinwiddie
ATL,Bogdan Bogdanovic,Danilo Gallinari
MEM,Jaren Jackson,Xavier Tillman
SA,Drew Eubanks,Jakob Poeltl
ORL,Mo Bamba,Moritz Wagner
BOS,Jaylen Brown,Romeo Langford
CHI,Alex Caruso,Coby White
CLE,Dean Wade,Isaac Okoro
HOU,Daniel Theis,Eric Gordon
ATL,Gorgui Dieng,John Collins
PHX,Cameron Payne,Jae Crowder
MEM,Desmond Bane,Tyus Jones
PHI,Georges Niang,Matisse Thybulle
BOS,Dennis Schroder,Grant Williams
IND,Caris LeVert,Torrey Craig
ATL,Bogdan Bogdanovic,Cam Reddish
NO,Devonte Graham,Herb Jones
ORL,Mychal Mulder,R.J. Hampton
MEM,Jaren Jackson,Ziaire Williams
NO,Jaxson Hayes,Nickeil Alexander-Walker
MIL,Jrue Holiday,Rodney Hood
WAS,Aaron Holiday,Kyle Kuzma
BOS,Grant Williams,Marcus Smart
MEM,Kyle Anderson,Tyus Jones
CHI,Alex Caruso,Javonte Green
WAS,Aaron Holiday,Montrezl Harrell
CHI,Alex Caruso,Ayo Dosunmu
PHX,Jae Crowder,JaVale McGee
CHA,Cody Martin,Kelly Oubre
MIN,Jaden McDaniels,Patrick Beverley
UTA,Joe Ingles,Royce O'Neale
NO,Devonte Graham,Jaxson Hayes
SAC,Harrison Barnes,Tristan Thompson
SA,Devin Vassell,Lonnie Walker
SA,Jakob Poeltl,Thaddeus Young
NO,Nickeil Alexander-Walker,Tomas Satoransky
HOU,Alperen Sengun,Eric Gordon
UTA,Hassan Whiteside,Royce O'Neale
PHX,Landry Shamet,Mikal Bridges
OKC,Aaron Wiggins,Josh Giddey
MIL,George Hill,Grayson Allen
OKC,Darius Bazley,Derrick Favors
OKC,Kenrich Williams,Luguentz Dort
BKN,Blake Griffin,DeAndre Bembry
SA,Devin Vassell,Doug McDermott
OKC,Darius Bazley,Ty Jerome
HOU,Jae'Sean Tate,Kenyon Martin Jr.
UTA,Royce O'Neale,Rudy Gay
NO,Devonte Graham,Tomas Satoransky
MEM,Steven Adams,Tyus Jones
SAC,Alex Len,Harrison Barnes
ORL,Moritz Wagner,Wendell Carter
PHX,Cameron Johnson,Jae Crowder
SAC,Richaun Holmes,Tristan Thompson
NO,Garrett Temple,Josh Hart
SAC,Harrison Barnes,Marvin Bagley
BOS,Robert Williams,Romeo Langford
ORL,Chuma Okeke,Mychal Mulder
WAS,Davis Bertans,Spencer Dinwiddie
WAS,Daniel Gafford,Deni Avdija
CLE,Dylan Windler,Lauri Markkanen
MIN,Jarred Vanderbilt,Malik Beasley
MIN,Naz Reid,Patrick Beverley
MEM,Desmond Bane,John Konchar
SAC,Harrison Barnes,Maurice Harkless
SA,Devin Vassell,Drew Eubanks
HOU,Jalen Green,Kenyon Martin Jr.
CHA,Jalen McDaniels,Mason Plumlee
OKC,Aleksej Pokusevski,Luguentz Dort
ORL,Jalen Suggs,Moritz Wagner
BKN,Jevon Carter,LaMarcus Aldridge
UTA,Hassan Whiteside,Joe Ingles
WAS,Davis Bertans,Kyle Kuzma
PHI,Furkan Korkmaz,Matisse Thybulle
SAC,Alex Len,Richaun Holmes
IND,Chris Duarte,T.J. McConnell
MEM,John Konchar,Kyle Anderson
SAC,Tristan Thompson,Tyrese Haliburton
MEM,Desmond Bane,Xavier Tillman
SAC,Marvin Bagley,Richaun Holmes
BKN,James Johnson,LaMarcus Aldridge
WAS,Davis Bertans,Montrezl Harrell
OKC,Luguentz Dort,Mike Muscala
PHX,Cameron Payne,JaVale McGee
UTA,Joe Ingles,Rudy Gay
MEM,Kyle Anderson,Xavier Tillman
IND,Goga Bitadze,Myles Turner
PHI,Charles Bassey,Seth Curry
CLE,Dylan Windler,Kevin Love
SAC,Maurice Harkless,Richaun Holmes
ORL,Ignas Brazdeikis,Mo Bamba
MEM,Desmond Bane,Ziaire Williams
ORL,Mychal Mulder,Terrence Ross
UTA,Hassan Whiteside,Rudy Gay
HOU,D.J. Augustin,Kevin Porter
SA,Devin Vassell,Thaddeus Young
SAC,Alex Len,Tyrese Haliburton
MIL,George Hill,Pat Connaughton
BKN,Jevon Carter,Patrick Mills
MEM,Kyle Anderson,Ziaire Williams
SAC,Marvin Bagley,Tyrese Haliburton
PHX,Jae Crowder,Landry Shamet
WAS,Daniel Gafford,Raul Neto
CLE,Dylan Windler,Isaac Okoro
MEM,John Konchar,Steven Adams
OKC,Darius Bazley,Kenrich Williams
PHI,Charles Bassey,Georges Niang
BKN,James Johnson,Patrick Mills
NO,Josh Hart,Trey Murphy
PHX,Cameron Johnson,Cameron Payne
SA,Bryn Forbes,Keldon Johnson
SA,Doug McDermott,Lonnie Walker
SAC,Maurice Harkless,Tyrese Haliburton
WAS,Deni Avdija,Kentavious Caldwell-Pope
HOU,Eric Gordon,Kenyon Martin Jr.
BOS,Dennis Schroder,Romeo Langford
CHI,Derrick Jones,Tony Bradley
MEM,Steven Adams,Xavier Tillman
HOU,Alperen Sengun,Daniel Theis
NO,Garrett Temple,Nickeil Alexander-Walker
BOS,Marcus Smart,Romeo Langford
IND,Justin Holiday,T.J. McConnell
ATL,Delon Wright,Kevin Huerter
HOU,Danuel House,Kevin Porter
PHX,Cameron Johnson,JaVale McGee
CHA,Jalen McDaniels,Kelly Oubre
ATL,Kevin Huerter,Lou Williams
PHI,Matisse Thybulle,Shake Milton
IND,Caris LeVert,Goga Bitadze
MEM,Steven Adams,Ziaire Williams
IND,Chris Duarte,Justin Holiday
MIN,Patrick Beverley,Taurean Prince
NO,Devonte Graham,Garrett Temple
CHI,Coby White,Tony Bradley
SA,Drew Eubanks,Lonnie Walker
CLE,Denzel Valentine,Lauri Markkanen
OKC,Aleksej Pokusevski,Darius Bazley
ORL,Ignas Brazdeikis,Wendell Carter
BKN,LaMarcus Aldridge,Paul Millsap
OKC,Derrick Favors,Jeremiah Robinson-Earl
SA,Doug McDermott,Drew Eubanks
MEM,Jaren Jackson,Santi Aldama
HOU,Garrison Mathews,Kevin Porter
MIN,Jaden McDaniels,Jarred Vanderbilt
OKC,Darius Bazley,Mike Muscala
OKC,Jeremiah Robinson-Earl,Ty Jerome
CHI,Javonte Green,Tony Bradley
CHI,Ayo Dosunmu,Tony Bradley
SAC,Buddy Hield,Tristan Thompson
SA,Bryn Forbes,Derrick White
ORL,Ignas Brazdeikis,Jalen Suggs
PHX,Cameron Payne,Landry Shamet
OKC,Aaron Wiggins,Luguentz Dort
WAS,Kentavious Caldwell-Pope,Raul Neto
SA,Lonnie Walker,Thaddeus Young
CLE,Denzel Valentine,Kevin Love
BKN,Patrick Mills,Paul Millsap
PHI,Charles Bassey,Furkan Korkmaz
NO,Nickeil Alexander-Walker,Trey Murphy
PHX,JaVale McGee,Landry Shamet
SAC,Alex Len,Buddy Hield
MIL,Grayson Allen,Thanasis Antetokounmpo
SA,Doug McDermott,Thaddeus Young
SAC,Buddy Hield,Marvin Bagley
MIN,Jaden McDaniels,Malik Beasley
SA,Keldon Johnson,Tre Jones
ORL,Franz Wagner,Moritz Wagner
MEM,Brandon Clarke,Tyus Jones
BKN,DeAndre Bembry,Jevon Carter
MIN,Jarred Vanderbilt,Naz Reid
CLE,Denzel Valentine,Isaac Okoro
NO,Devonte Graham,Trey Murphy
SAC,Buddy Hield,Maurice Harkless
ATL,Danilo Gallinari,Delon Wright
BKN,DeAndre Bembry,James Johnson
SA,Bryn Forbes,Jakob Poeltl
HOU,D.J. Augustin,Jae'Sean Tate
BKN,Blake Griffin,Jevon Carter
CHA,Cody Martin,Jalen McDaniels
ATL,Danilo Gallinari,Lou Williams
PHX,Cameron Johnson,Landry Shamet
HOU,Daniel Theis,Kenyon Martin Jr.
ATL,Cam Reddish,Delon Wright
BKN,Blake Griffin,James Johnson
SA,Drew Eubanks,Thaddeus Young
OKC,Derrick Favors,Ty Jerome
ORL,Moritz Wagner,R.J. Hampton
ATL,Cam Reddish,Lou Williams
IND,Kelan Martin,T.J. McConnell
ATL,Bogdan Bogdanovic,Delon Wright
WAS,Aaron Holiday,Daniel Gafford
ATL,Bogdan Bogdanovic,Lou Williams
OKC,Jeremiah Robinson-Earl,Kenrich Williams
MIN,Malik Beasley,Naz Reid
HOU,D.J. Augustin,Jalen Green
MIL,Grayson Allen,Rodney Hood
IND,Chris Duarte,Kelan Martin
HOU,Danuel House,Jae'Sean Tate
CHI,Coby White,Derrick Jones
MEM,Desmond Bane,Santi Aldama
PHI,Charles Bassey,Shake Milton
SAC,Chimezie Metu,Tristan Thompson
SA,Derrick White,Tre Jones
HOU,Alperen Sengun,Kenyon Martin Jr.
OKC,Aaron Wiggins,Darius Bazley
BKN,Cameron Thomas,LaMarcus Aldridge
MEM,Kyle Anderson,Santi Aldama
IND,T.J. McConnell,Torrey Craig
MIL,Pat Connaughton,Thanasis Antetokounmpo
MEM,Brandon Clarke,John Konchar
CHI,Derrick Jones,Javonte Green
CHI,Ayo Dosunmu,Derrick Jones
HOU,Danuel House,Jalen Green
OKC,Aleksej Pokusevski,Jeremiah Robinson-Earl
HOU,Garrison Mathews,Jae'Sean Tate
IND,Chris Duarte,Torrey Craig
CLE,Dean Wade,Dylan Windler
ORL,Chuma Okeke,Moritz Wagner
SAC,Alex Len,Chimezie Metu
MEM,Brandon Clarke,Xavier Tillman
WAS,Deni Avdija,Raul Neto
SAC,Chimezie Metu,Marvin Bagley
BKN,DeAndre Bembry,Paul Millsap
MIN,Jarred Vanderbilt,Taurean Prince
OKC,Jeremiah Robinson-Earl,Mike Muscala
SA,Bryn Forbes,Devin Vassell
CHI,Coby White,Javonte Green
ATL,Gorgui Dieng,Kevin Huerter
CHI,Ayo Dosunmu,Coby White
HOU,D.J. Augustin,Eric Gordon
BKN,Cameron Thomas,Patrick Mills
SA,Jakob Poeltl,Tre Jones
MEM,Brandon Clarke,Ziaire Williams
SAC,Chimezie Metu,Maurice Harkless
IND,Justin Holiday,Kelan Martin
OKC,Derrick Favors,Kenrich Williams
MEM,Santi Aldama,Steven Adams
BKN,Blake Griffin,Paul Millsap
ORL,Franz Wagner,Ignas Brazdeikis
HOU,Garrison Mathews,Jalen Green
WAS,Aaron Holiday,Kentavious Caldwell-Pope
WAS,Daniel Gafford,Davis Bertans
OKC,Kenrich Williams,Ty Jerome
MIL,Pat Connaughton,Rodney Hood
CHI,Ayo Dosunmu,Javonte Green
ORL,Moritz Wagner,Terrence Ross
MIN,Malik Beasley,Taurean Prince
HOU,Danuel House,Eric Gordon
ORL,Ignas Brazdeikis,R.J. Hampton
IND,Justin Holiday,Torrey Craig
OKC,Aleksej Pokusevski,Derrick Favors
NO,Herb Jones,Jaxson Hayes
OKC,Aleksej Pokusevski,Ty Jerome
MIN,Jaden McDaniels,Naz Reid
MEM,John Konchar,Tyus Jones
OKC,Derrick Favors,Mike Muscala
OKC,Mike Muscala,Ty Jerome
HOU,Eric Gordon,Garrison Mathews
MEM,Tyus Jones,Xavier Tillman
NO,Herb Jones,Tomas Satoransky
SA,Bryn Forbes,Lonnie Walker
WAS,Davis Bertans,Kentavious Caldwell-Pope
CLE,Dean Wade,Denzel Valentine
MEM,Tyus Jones,Ziaire Williams
SA,Devin Vassell,Tre Jones
ATL,Danilo Gallinari,Gorgui Dieng
ORL,Chuma Okeke,Ignas Brazdeikis
OKC,Aaron Wiggins,Jeremiah Robinson-Earl
NO,Jaxson Hayes,Tomas Satoransky
SA,Bryn Forbes,Doug McDermott
BOS,Grant Williams,Josh Richardson
ATL,Cam Reddish,Gorgui Dieng
ORL,Moritz Wagner,Mychal Mulder
BKN,James Johnson,Jevon Carter
BKN,Cameron Thomas,DeAndre Bembry
ATL,Bogdan Bogdanovic,Gorgui Dieng
PHI,Charles Bassey,Matisse Thybulle
HOU,D.J. Augustin,Daniel Theis
MIL,George Hill,Thanasis Antetokounmpo
IND,Goga Bitadze,T.J. McConnell
BKN,Blake Griffin,Cameron Thomas
SAC,Davion Mitchell,Tristan Thompson
WAS,Aaron Holiday,Deni Avdija
SA,Bryn Forbes,Drew Eubanks
OKC,Aleksej Pokusevski,Kenrich Williams
IND,Chris Duarte,Goga Bitadze
ORL,Ignas Brazdeikis,Terrence Ross
MEM,John Konchar,Xavier Tillman
MIN,Jaden McDaniels,Taurean Prince
HOU,Alperen Sengun,D.J. Augustin
OKC,Kenrich Williams,Mike Muscala
HOU,Daniel Theis,Danuel House
IND,Kelan Martin,Torrey Craig
SAC,Alex Len,Davion Mitchell
SAC,Davion Mitchell,Marvin Bagley
MEM,John Konchar,Ziaire Williams
OKC,Aaron Wiggins,Derrick Favors
MIL,George Hill,Rodney Hood
OKC,Aaron Wiggins,Ty Jerome
SA,Bryn Forbes,Thaddeus Young
SAC,Davion Mitchell,Maurice Harkless
MEM,Xavier Tillman,Ziaire Williams
SA,Lonnie Walker,Tre Jones
MEM,Brandon Clarke,Santi Aldama
HOU,Daniel Theis,Garrison Mathews
ATL,Delon Wright,Lou Williams
HOU,Alperen Sengun,Danuel House
WAS,Aaron Holiday,Raul Neto
BKN,Jevon Carter,Paul Millsap
NO,Garrett Temple,Herb Jones
OKC,Aleksej Pokusevski,Mike Muscala
MIN,Naz Reid,Taurean Prince
SA,Doug McDermott,Tre Jones
IND,Goga Bitadze,Justin Holiday
BKN,James Johnson,Paul Millsap
WAS,Davis Bertans,Deni Avdija
NO,Garrett Temple,Jaxson Hayes
CLE,Denzel Valentine,Dylan Windler
HOU,Alperen Sengun,Garrison Mathews
ORL,Ignas Brazdeikis,Mychal Mulder
SA,Drew Eubanks,Tre Jones
NO,Garrett Temple,Tomas Satoransky
BOS,Josh Richardson,Romeo Langford
OKC,Aaron Wiggins,Kenrich Williams
HOU,D.J. Augustin,Kenyon Martin Jr.
NO,Herb Jones,Trey Murphy
MEM,Santi Aldama,Tyus Jones
BOS,Grant Williams,Romeo Langford
SA,Thaddeus Young,Tre Jones
WAS,Davis Bertans,Raul Neto
NO,Jaxson Hayes,Trey Murphy
HOU,Danuel House,Kenyon Martin Jr.
OKC,Aaron Wiggins,Aleksej Pokusevski
OKC,Aaron Wiggins,Mike Muscala
BKN,Cameron Thomas,Jevon Carter
IND,Goga Bitadze,Kelan Martin
NO,Tomas Satoransky,Trey Murphy
BKN,Cameron Thomas,James Johnson
HOU,Garrison Mathews,Kenyon Martin Jr.
MEM,John Konchar,Santi Aldama
IND,Goga Bitadze,Torrey Craig
MIL,Rodney Hood,Thanasis Antetokounmpo
MEM,Santi Aldama,Xavier Tillman
ATL,Delon Wright,Gorgui Dieng
ATL,Gorgui Dieng,Lou Williams
MEM,Santi Aldama,Ziaire Williams
BKN,Cameron Thomas,Paul Millsap
WAS,Aaron Holiday,Davis Bertans
NO,Garrett Temple,Trey Murphy
SAC,Alex Len,Tristan Thompson
SAC,Marvin Bagley,Tristan Thompson
ORL,Ignas Brazdeikis,Moritz Wagner
SA,Bryn Forbes,Tre Jones
SAC,Maurice Harkless,Tristan Thompson
HOU,D.J. Augustin,Danuel House
SAC,Alex Len,Marvin Bagley
SAC,Alex Len,Maurice Harkless
SAC,Marvin Bagley,Maurice Harkless
HOU,D.J. Augustin,Garrison Mathews
HOU,Danuel House,Garrison Mathews
NA,Trae Young,NA
NA,Zach LaVine,NA
NA,Rudy Gobert,NA
NA,Tyrese Maxey,NA
NA,Ricky Rubio,NA
NA,Spencer Dinwiddie,NA
NA,Tyrese Haliburton,NA
NA,Wendell Carter,NA
NA,Kevin Porter,NA
NA,Terry Rozier,NA
NA,Mikal Bridges,NA
NA,Ty Jerome,NA
NA,Torrey Craig,NA
NA,Ziaire Williams,NA
NA,Paul Millsap,NA
NA,Taurean Prince,NA
NA,Thanasis Antetokounmpo,NA
NA,Romeo Langford,NA
NA,Trey Murphy,NA
NA,Tre Jones,NA
NA,NA,Brandon Ingram
NA,NA,Anthony Edwards
NA,NA,Darius Garland
NA,NA,Al Horford
NA,NA,Andre Drummond
NA,NA,Bobby Portis
NA,NA,Caris LeVert
NA,NA,Alex Caruso
NA,NA,Bojan Bogdanovic
NA,NA,Chuma Okeke
NA,NA,Bogdan Bogdanovic
NA,NA,Blake Griffin
NA,NA,Cody Martin
NA,NA,Brandon Clarke
NA,NA,Alperen Sengun
NA,NA,Cameron Johnson
NA,NA,Aaron Holiday
NA,NA,Bryn Forbes
NA,NA,Aaron Wiggins
NA,NA,Alex Len
